Clients,Throughput_ops,Median_Latency_us
2,31842.424608124325,49.719
5,89956.32994895545,48.012
10,120844.36374321661,80.831
20,167636.2450044499,125.733
50,236958.49137538034,254.8395
100,257972.1620616189,483.786
150,297717.3226205917,948.566
200,224155.94553618215,1376.4615
250,271069.37851129175,1648.1999999999998
275,291875.88325525814,1744.145
