Clients,Throughput_ops,Median_Latency_us
2,37902.009870661066,46.962999999999994
5,93595.0735527761,45.024
10,149803.19161944417,60.5385
20,190442.69118652126,101.7855
50,187105.37894914343,369.877
100,143358.88075822862,845.3365
150,242420.87436947928,1068.2115
200,192467.3061183989,1394.7835
250,187278.80231160545,1849.321
275,299249.31017822074,1819.796
