Clients,Throughput_ops,Median_Latency_us
2,31429.858220917016,57.611999999999995
5,68120.56713728166,53.727
10,131982.8893946414,72.8625
20,121835.82748068255,175.51600000000002
50,220359.9349873482,264.443
100,241538.10194414493,679.2855
150,202813.68005451176,1105.8515
200,234387.61189246783,1331.952
250,196144.96785629756,1682.35
275,315478.25058413256,1753.278
