Clients,Throughput_ops,Median_Latency_us
2,6784.81483305087,76.19749999999999
5,5042.55745309015,99.643
10,3947.723892019989,479.56100000000004
20,16287.005785281248,1162.4735
50,25144.512258410625,1063.5635000000002
100,40145.86720988382,1105.9675
150,73115.5789387126,1221.7759999999998
200,87490.19591073947,978.765
250,137304.60772953692,1009.502
300,164901.08883071024,897.5575
350,181146.7623903505,1079.802
400,172748.2304348223,967.1355
