Clients,Throughput_ops,Median_Latency_us
2,34479.12887662183,46.7035
5,90500.55448338533,49.514
10,142092.22429745976,67.552
20,149525.03688182728,132.969
50,174298.3967254032,298.86850000000004
100,173223.06635731127,727.7985
150,258690.28596448552,998.3685
200,253620.8436527687,1358.8705
250,293796.7418216986,1560.978
275,212222.6458802495,1960.331
