Clients,Throughput_ops,Median_Latency_us
2,42724.402432450006,41.8635
5,78898.94966122079,47.939
10,105117.35085829638,95.8565
20,163465.3817914602,125.6195
50,129826.76806547215,333.784
100,199208.79074764485,788.486
150,209585.30836293544,1095.5185
200,292934.7020413074,1239.0549999999998
250,259922.67027090117,1723.725
275,219549.95122866458,1892.328
